{"train/loss": 0.2706, "train/grad_norm": 10.952133178710938, "train/learning_rate": 1.3333333333333333e-05, "train/epoch": 1.1851851851851851, "train/global_step": 8, "_timestamp": 1721424681.879895, "_runtime": 24017.747485876083, "_step": 64, "eval/loss": 0.410451740026474, "eval/rmse": 0.6406651139259338, "eval/mape": 2383945756835840.0, "eval/mae": 0.5822454690933228, "eval/runtime": 2666.8513, "eval/samples_per_second": 0.007, "eval/steps_per_second": 0.001, "train_runtime": 4816.0955, "train_samples_per_second": 0.698, "train_steps_per_second": 0.029, "total_flos": 206638395442560.0, "train_loss": 0.06363266698705654}