{"train/loss": 0.0838, "train/grad_norm": 3.696657180786133, "train/learning_rate": 1.7222222222222224e-05, "train/epoch": 4.298507462686567, "train/global_step": 72, "_timestamp": 1721442427.935176, "_runtime": 36862.43301296234, "_step": 34, "eval/loss": 0.1691868007183075, "eval/rmse": 0.411323219537735, "eval/mape": 317577230286848.0, "eval/mae": 0.2792809009552002, "eval/runtime": 52.8221, "eval/samples_per_second": 0.928, "eval/steps_per_second": 0.076}