{"train/loss": 0.3462, "train/grad_norm": 6.916995048522949, "train/learning_rate": 1.904761904761905e-05, "train/epoch": 2.857142857142857, "train/global_step": 20, "_timestamp": 1721400215.345953, "_runtime": 437.26575803756714, "_step": 1, "eval/loss": 0.20472463965415955, "eval/rmse": 0.4524650573730469, "eval/mape": 870856293089280.0, "eval/mae": 0.4305965304374695, "eval/runtime": 3.9799, "eval/samples_per_second": 5.025, "eval/steps_per_second": 0.503}